{
  "HTTP Request-1" : {
    "transaction" : "HTTP Request-1",
    "sampleCount" : 10,
    "errorCount" : 0,
    "errorPct" : 0.0,
    "meanResTime" : 281.0,
    "medianResTime" : 274.5,
    "minResTime" : 221.0,
    "maxResTime" : 356.0,
    "pct1ResTime" : 353.5,
    "pct2ResTime" : 356.0,
    "pct3ResTime" : 356.0,
    "throughput" : 9.00900900900901,
    "receivedKBytesPerSec" : 158.81721565315314,
    "sentKBytesPerSec" : 0.9853603603603602
  },
  "Total" : {
    "transaction" : "Total",
    "sampleCount" : 30,
    "errorCount" : 0,
    "errorPct" : 0.0,
    "meanResTime" : 355.53333333333336,
    "medianResTime" : 308.5,
    "minResTime" : 175.0,
    "maxResTime" : 617.0,
    "pct1ResTime" : 554.7,
    "pct2ResTime" : 597.75,
    "pct3ResTime" : 617.0,
    "throughput" : 22.607385079125848,
    "receivedKBytesPerSec" : 273.4639930293896,
    "sentKBytesPerSec" : 3.238036925395629
  },
  "HTTP Request-0" : {
    "transaction" : "HTTP Request-0",
    "sampleCount" : 10,
    "errorCount" : 0,
    "errorPct" : 0.0,
    "meanResTime" : 251.0,
    "medianResTime" : 230.5,
    "minResTime" : 175.0,
    "maxResTime" : 386.0,
    "pct1ResTime" : 378.20000000000005,
    "pct2ResTime" : 386.0,
    "pct3ResTime" : 386.0,
    "throughput" : 9.216589861751151,
    "receivedKBytesPerSec" : 4.752304147465438,
    "sentKBytesPerSec" : 0.9720622119815668
  },
  "HTTP Request" : {
    "transaction" : "HTTP Request",
    "sampleCount" : 10,
    "errorCount" : 0,
    "errorPct" : 0.0,
    "meanResTime" : 534.6,
    "medianResTime" : 528.5,
    "minResTime" : 449.0,
    "maxResTime" : 617.0,
    "pct1ResTime" : 613.5,
    "pct2ResTime" : 617.0,
    "pct3ResTime" : 617.0,
    "throughput" : 7.535795026375283,
    "receivedKBytesPerSec" : 136.7319965146948,
    "sentKBytesPerSec" : 1.6190184626978146
  }
}